temperature,humidity,wind_speed,city
-0.7375420933395017,-0.5080005080007616,1.3528864756690413,New York
1.4137704463893344,-0.8890008890013331,-1.0331975481993014,Los Angeles
-0.6762283530498322,1.397001397002096,-0.3196889274697389,Chicago
