temperature,humidity,wind_speed,city
-0.5139639267546625,0.7071067811865471,-0.8328628931862887,New York
1.3979818807726814,-1.4142135623730954,-0.5733940687705603,Los Angeles
-0.8840179540180189,0.7071067811865471,1.406256961956849,Chicago
