temperature,humidity,wind_speed,city
0.124512616428142,1.0788218996914882,1.0668115976030494,New York
1.1577324033167624,-1.331312131534177,-1.337417466263336,Los Angeles
-1.2822450197449047,0.2524902318426888,0.2706058686602858,Chicago
