temperature,humidity,wind_speed,city
0.8249446963053492,-1.3466376037453043,0.8936540766353938,New York
0.5823139032743647,1.0473848029130146,-1.3960566172314104,Los Angeles
-1.407258599579711,0.29925280083228983,0.5024025405960172,Chicago
